size,text
1,Colorado"
5,A B Aerotransport
3,Aaxico Airlines
1,Ababeel Aviaition
1,Abakan Airlines
1,Aca-Ancargo
1,Ace Flying Service
3,ACES Colombia
1,Acme Air
1,Action Air Express Inc. - Air Taxi
1,Action Airlines
1,Adam Air
2,ADC Airlines
2,Aden Airways
2,ADES Colombia
1,Advance Airlines
2,Adventure Airlines
1,AECA Cargo
1,Aegler Stuart Flying Service / Private
3,Aer Lingus
1,Aer Turas
1,Aeralpi
1,Aerevias Centrales Air Service
1,Aerial Transit Company
1,Aero Air
1,Aero Asahi
1,Aero Cargo
1,Aero Club Libya
1,Aero Clube de Volta Redonda
1,Aero Condor
1,Aero Cozumel
1,Aero Ejecutivos
1,Aero Eslava
1,Aero Ferinco Charter
1,Aero France
1,Aero Holland
1,Aero Jet Express
1,Aero Lloyd
1,Aero Mayflower Transit Co
1,Aero National - Air Taxi
4,Aero O-Y
1,Aero PaLease - Air Taxi
1,Aero Pantanal - Air Taxi
1,Aero Peru
1,Aero Sudpacifico
1,Aero Taxis Equatorianos
1,Aero Transportes
5,Aero Transporti Italiani
1,Aero Tropical
1,Aerocalifornia
1,Aerocaribbean - Charter
2,Aerocaribe
1,Aerochasqui
1,Aerocom
1,Aerocondor
1,Aerocondor de Colombia
1,Aerocontroctors - Charter
1,Aerocord
1,Aerocosta Colombia
1,Aeroejecutivos Colombia
1,Aeroespresso
1,Aeroextra
1,Aeroflite Services
178,Aeroflot
3,Aeroflot / Aeroflot
1,Aeroflot / Military - Russian Air Force
1,Aeroflot / Soviet Air Force
1,Aeroflot /Military - Russian
1,Aeroflot Russian International Airways
1,Aerogulf
1,Aerolatino (Aerocaribe)
1,Aeroleasing - Air Taxi
1,Aeroleo Taxi Aereo
2,Aerolift
1,Aerolift Philippines
2,Aerolineas Abaroa
13,Aerolineas Argentinas
1,Aerolineas Argo
2,Aerolineas Centrales de Colombia
1,Aerolineas Condor
1,Aerolineas Cuahonte
1,Aerolineas El Salvador
2,Aerolineas Flecha Austral
1,Aerolineas La Gaviola
1,Aerolineas La Paz
1,Aerolineas Litoral Argentina
1,Aerolineas Nacionales
3,Aerolineas TAO
4,Aeromexico
1,Aeromexico / Private
1,Aeromist-Kharkiv
1,Aeronautical Services - Air Taxi
5,Aeronaves de Mexico
1,Aeronaves de Panama
1,Aeronaves del Peru
3,Aeronica
1,Aeronor Chile
1,Aeronorte
2,Aeronorte Colombia
1,Aeropeca
2,Aeroperlas
2,Aeroperu
3,Aeropesca Colombia
1,Aeropol
26,Aeropostale
1,Aeropostale - La Tecoere Company
1,Aeroput
1,Aeroservice International
1,Aeroservice S de RL
1,Aeroservicios Empresariales de Durango
4,Aerosucre Colombia
1,Aerosweet Airlines (LVOV)
3,Aerotaca
1,Aerotaxi Manaus
1,Aerotechnia
1,Aerotransportes Petroleros
1,Aero-Tropics
1,Aerotuy airline
1,Aerovalles
1,Aerovanguardia
3,Aerovias Brasil
1,Aerovias Condor
2,Aerovias Contreras
1,Aerovias Cuba International
2,Aerovias de Guatemala SA
1,Aerovias del Norte
1,Aerovias del Valle
1,Aerovias Guest
1,Aerovias Halcon
1,Aerovias Rojas
1,Aerovias Urraca
1,Aerovias Venezolanas SA (Venezuela)
1,Africa One Congo
1,African Air
1,African Commuter Services
1,Agape Flight Inc.
1,Agco Corp
1,Agee Flying Service - Air Taxi
2,Agencia Interamericana de Aviada
1,AIDA
5,Aigle Azur
1,Air 70
1,Air Affaires Gabon
2,Air Afrique
1,Air Albatross
5,Air Algerie
1,Air Ambulance - Med-Trans Corp.
1,Air ambulance - Mercy Air Services
1,Air Amercia
11,Air America
1,Air Angles Inc.
1,Air Anguilla
2,Air Atlas
1,Air Bissau
1,Air Bleu
1,Air Cameroon
6,Air Canada
1,Air Caraibes
1,Air Cargo Carriers
1,Air Cargo Express
2,Air Carriers
1,Air Carriers Express Services Inc
1,Air Central
1,Air Chaparral - Air Taxi
2,Air Charter
1,Air Charter - Tanzanian Air Services
1,Air China
1,Air Comores
2,Air Congo
1,Air Continental
1,Air East
2,Air Express
1,Air Ferry
1,Air Ferry Ltd
1,Air Fiji
2,Air Fiordland
1,Air Flamence
1,Air Florida
70,Air France
2,Air Freight New Zealand
1,Air Gabon
1,Air Gaspé
1,Air Georgian
1,Air Global
2,Air Guadeloupe
1,Air Guinee
1,Air Haiti International
1,Air Hawaii
1,Air Illinois
10,Air India
3,Air Inter
1,Air Iowa
1,Air Ivoire
1,Air Ivorie
1,Air Jordan
1,Air Karibu
1,Air Kasai
1,Air Lanka
2,Air Laos
1,Air Liberia
3,Air Littoral
3,Air Logistics
1,Air Luxor
3,Air Madagascar
1,Air Malawi
3,Air Mali
3,Air Manila
2,Air Manitoba
1,Air Martinique
1,Air Mauritanie
1,Air Melanesie
1,Air Memphis
1,Air Methods / ClassiHelicopters
1,Air Moorea
2,Air Nautic
1,Air New England
3,Air New Zealand
1,Air Niagara
1,Air North
1,Air North Queensland
1,Air Ocean
1,Air Ohio - Air Taxi
1,Air One Executive
1,Air Ontario
5,Air Orient
1,Air Outremer
1,Air Outre-Mer
1,Air Pennsylvania - Air Taxi
1,Air Pereira
1,Air Philippines
1,Air Rainbow
1,Air Reconnaissance Unit of Liberia
2,Air Rhodesia
1,Air Rouergue
1,Air Saint Maurice Inc.
1,Air Satellite
1,Air Senegal
1,Air Senegal / Gambia Airways
1,Air Serv Internatiional/CemAir
1,Air Service - Air Taxi
1,Air Services
1,Air Sinai
1,Air South
1,Air St. Martin
1,Air Sunshine
1,Air Tahiti
1,Air Tahoma
1,Air Taroma
48,Air Taxi
1,Air taxi - Aero Air Taxi
1,Air Taxi - Aero West Aviation Inc.
1,Air Taxi - Air Grand Canyon Inc.
1,Air Taxi - Air Medical Leasing
1,Air taxi - Air Safaris Inc.
1,Air Taxi - Air Taxi Inc.
1,Air Taxi - Air Trends Inc.
1,Air Taxi - Air Vegas Inc.
1,Air Taxi - Airis Helicopters Inc.
1,Air Taxi - Alpine Aviation
1,Air Taxi - Baker Aviation Inc.
2,Air Taxi - Basco Flying Service Inc.
1,"Air Taxi - Bigfoot Air of Alaska, LLC"
1,Air Taxi - Bohemia Inc.
1,Air Taxi - Centre Airlines Inc.
1,Air Taxi - Coastal Airways Inc.
1,Air Taxi - Coastal Helicopters Inc.
1,Air Taxi - Continental Air Taxi
1,Air taxi - Cuiaba Air Taxi
1,Air Taxi - Custom Air Transport Inc.
1,Air Taxi - Delaware Aviation LLC
1,Air Taxi - Desert Flying Service
1,Air Taxi - Durango Air Service
1,Air Taxi - Eidoarie Inc.
1,Air Taxi - El Aero Services Inc.
1,Air Taxi - Flying School of the Cascades Inc.
1,Air Taxi - Four Corners Aviation Inc.
1,Air Taxi - Grant Aviation Inc.
1,Air Taxi - Great Northern Aircraft Co.
1,Air Taxi - Guinn Flying Service
1,Air Taxi - Haines Airways Inc.
1,Air Taxi - Hawaii Helicopters Inc.
1,Air Taxi - Henson Airlines
1,"Air Taxi - Iliamna, Air Taxi Inc."
1,Air Taxi - Island Air Service
1,Air Taxi - Island Airlines
1,Air Taxi - Islip Airco Inc.
1,Air taxi - Jao Air Taxi
1,Air Taxi - Jet Alaska
1,Air Taxi - Lab Flying Service Inc.
1,Air Taxi - Lake Clark Air Inc.
1,Air Taxi - Las Vegas Flyers Inc.
1,Air taxi - Lider Air Taxi
1,Air Taxi - MajestiAlliance
1,Air Taxi - Marco Zero Air Taxi
1,Air Taxi - Martin Aviation LP
1,Air Taxi - Mercy Flights Inc.
1,Air Taxi - Minuteman Aviation Inc.
1,Air Taxi - Monument Valley Air Service
1,Air Taxi - National Helicopters
1,Air Taxi - New England Airlines
1,Air Taxi - New London Flying Services Inc.
1,Air Taxi - Northern Air Services Inc.
1,Air Taxi - Northern Arizona Aircraft Inc.
1,Air Taxi - Ohana Helicopter Tours
1,Air Taxi - Oklahoma Airways Inc.
1,Air Taxi - Ozark Skyways Inc.
1,Air Taxi - Papillion Helicopters Ltd.
1,Air Taxi - Paramount Aviation Corp.
1,Air Taxi - Peninsula Airways
1,Air Taxi - Petroleum Helicopters Inc.
1,Air Taxi - Raco Helicopters Corp.
1,Air Taxi - Richards Aviation Inc.
1,Air Taxi - Richmor Aviation
1,Air taxi - Rumo Notre Air Taxi
1,Air Taxi - Ryan Air Service
1,Air Taxi - Sea PacifiInc.
1,Air Taxi - Seaside Air Service
1,Air Taxi - South Coast Helicopters Inc.
1,Air Taxi - Stanley Air Taxi
1,Air Taxi - Stearns Air Alaska
1,Air Taxi - Sun Western Flyers Inc.
1,Air Taxi - TAJ FBO Co.
1,Air Taxi - Talon Air Services Inc.
1,Air taxi - TAM
1,Air Taxi - Temesco Helicopters Inc.
1,Air Taxi - Trail Lake Flying Service Inc.
1,Air Taxi - Transamerica
1,Air Taxi - Tyee Airlines Inc.
1,Air Taxi - US Helicopters Inc.
1,Air Taxi - Uyak Air Services Inc.
1,Air Taxi - Western Helicopter Inc.
1,Air Taxi - Wilderness Aviation Inc.
1,Air Taxi - Wolfe Air Aviation Ltd.
1,Air Taxi- Hermans Air Inc.
1,Air Taxi -Wilderness Aviation Inc.
1,Air Transit - Air Taxi
2,Air Transport
1,Air Transport Associates
1,Air Transport Charter
1,Air Trek
1,Air Turks & Caicos
9,Air Union
1,Air US / Private
11,Air Vietnam (South Vietnam)
1,Air West
1,Air West Airlines Ltd.
1,Air Wisconsin
2,Airborne Express
1,Airborne Transport
1,Airbus Industrie
1,Airco Charters - Air Taxi
1,Aircraft Charter Group Inc
2,Aircraft Transport and Travel
2,AIRES Colombia
2,Airfast Indonesia
2,Airfast Services
1,Air-Lift Commuter
1,Airline Transport
1,Airline Transport Carriers
1,Airlines of Australia
1,Airlines of PNG
2,Airlink
2,AirNow
1,Airquarius Aviation - Charter
1,Airtech Rajawaldi Udara
1,Airwave Transport
1,Airways
1,AirWest Airlines
2,Airwork
1,Aitalia
1,Akhal Air
1,Aktiebolaget Aerotransport
3,Ala Littoria
2,ALADA
1,Alamo Airways
1,Alantis Aviation
1,Alas Chiricanas
1,Alas del Sur
1,"Alas Nacionales, leased from Birgen Air"
1,Alaska Aeronautical Industries
9,Alaska Airlines
1,Alaska Coastal Airlines
1,Alaska Helicopter - Air Taxi
1,Alaska International Air
1,Alaska Travel
1,Alaska-Washington Airways
1,Albancion Circulo
1,ALFA
4,Alia Royal Jordanian Airlines
1,ALIANSA Colombia
1,Alii Air Hawaii - Air Taxi
8,Alitalia
6,All Nippon Airways
1,All Nippon Airways / Japanese Air Force
6,Allegheny Airlines
1,Allegheny Airlines / Forth Corporation
1,Alliance Airlines
1,Allied Air Freight
1,Aloha Airlines
1,Aloha Island Air
1,Alpa Servicios Aéreos
1,Alpena Flying Service - Air Taxi
1,Alpha Airways
1,Alpine Air Express
1,Alpine Aviation?
1,AltusFlying Service - Air Taxi
1,Alva Aircraft Service - Taxi
2,Alyemda
1,Alyemda Airlines
1,Amazonese Importacao e Exportacao
1,Ambler Air Service
1,Amee de l'Air
1,American Air Export & Import Co.
36,American Airlines
1,American Airlines / Military - USAF
1,American Airlines / Private
9,American Airways
4,American Eagle
1,American Export Airlines
1,American Express Leasing
1,American Flyers Airline
1,American International Airways
1,American Jet
1,American Overseas Airlines
1,American Virginia
4,Ameriflight
3,Ameristar Jet Charter
1,Amphibians
1,Anchorage Helicopter - Air Taxi
1,ANDESA
1,Angola Air Charter
1,Ansett Airlines of Papua New Guinea
4,Ansett ANA
1,Ansett New Zealand
1,ANT Air Taxi
2,Antilles Air
1,Antillian Airlines
1,Antillies Air - Air Taxi
1,Apache Airlines - Air Taxi
1,Apline Aviation
1,APRL
1,Aquilla Airways
1,Arall
1,Aramar
1,Aramco Associated Company
1,Ararat Avia
1,Arax Airlines
1,Aray-Avia
1,Archana Airlines
1,ArctiCircle Air Service
1,ArctiPacific
1,ArctiTransportation Services
1,ArctiWings & Rotors
2,AREA
1,Argentina CAA
9,Ariana Afghan Airlines
1,Armavia
1,Aroostook Air - Air Taxi
1,Arrow Airlines
1,Arrow Airways
1,Arsenyev Aviation Production Association
1,Asa Pesada
1,Asian Spirit
1,Asiana Airlines
1,Aspring Air
1,Associated Air Transport
2,Associated Airways
1,Associated Aviators
1,Astrd Wing Aviaiton - Air Taxi
1,Astro Air Taxi
1,ATESA
2,ATI
1,ATI Aircompany
1,AtlantiAirlines
1,AtlantiAirways
1,AtlantiCentral Airlines
1,AtlantiCity Airlines
1,AtlantiCoast Airlines (United Express)
3,AtlantiSoutheast Airlines
1,Atlasjet Airlines
1,Atran
1,Augusta Aviaiton - Air Taxi
1,Aurukun Air Services
4,Austin Airways
5,Austral Lineas Aeras (Argentina)
1,Australian Aerial Services
7,Australian National Airways
1,Austria-Flugdienst
1,Austrian Airlines
3,Autrex
1,AV Air / American Eagle
1,Avalki Air
1,Avanti Aviation -Air Taxi
1,AVCOM
8,Avensa
1,Avesca Colombia
1,Avia Air Aruba
9,Aviaco
1,Aviaimpex (Macedonia)
26,AVIANCA
1,AVIANCA / AVIANCA
1,Aviastar Mandiri
1,Avia-Taxi
6,Aviateca
3,Aviation Charter - Air Taxi
1,Aviation Development Corporation
1,Aviation Enterprises
1,Avicsa
3,Avio Linee Italiane
1,Aviogenex (Yugoslavia)
1,Avion Airways
1,Avionas Banamex
1,Avioriprese Jet Executive
1,Avirex
1,AVISPA
1,Avisto
1,Avtex Air Services
1,AZAL Cargo Company
3,Azerbaijan Airlines
2,Azerbaijani Airlines
1,Azov Avia Airlines
1,Aéreo Ruta Maya
1,Aérotaxi Cachanilla
1,BAFIN
1,Bahri Aviation
1,Baikal Air
1,Baker Aero Inc. - Taxi
3,Bakhtar Afghan Airlines
1,Bako Air
1,BAL Bremerhaven Airline
1,Balair
4,Bali International Air Service
9,Balkan Bulgarian Airlines
1,Bangkok Airways
1,Bangladesh Biman
1,Bankair
1,Bankair Inc. - Air Taxi
1,Bar Harbor Airlines
2,Baron Aviation
1,Barrow Air Service - Air Taxi
1,Bashkirian Airlines / DHL Worldwide Express
1,Bassett Complany - Taxi
1,Bavaria Flug
1,Bay Land Aviation
1,Bazair
1,Bearskin Airlines / Air Sandy
1,Beatty Flying Service - Taxi
1,Belair - Air Taxi
1,Belgian International Air Services
1,Belize Air International Ltd.
1,Bellview Airlines
1,Berkshire Aviation - Air Taxi
1,Bharat Airways
2,BHS - Brazilian Helicopter Service Air Taxi
1,BHS - Brazilian Helicopter Services
2,Big Island Airlines
1,Bimini Air Charter Inc.
1,Bimini Airways
1,Binter Mediterráneo
1,BKS Air Transport
1,Blackhawk Int. Airways - Private charter
1,Blue Bird Air Service
1,Blue Bird Aviation
1,Blue Hawaiian Helicopters
1,Blue Water Aviation Services
1,Blue Wing Airlines
3,BOAC
6,Boeing Air Transport
2,Boeing Aircraft Company
1,Boeing KC-135E
1,Boise Air Service
1,Bombardier Aerospace
1,Bonanza Airlines
1,Bond Offshore Helicopters
1,Borneo Airways
1,Bourag Indonesia Airlines
2,Bouraq Indonesia Airlines
2,Braathens
3,Bradley Air Services
10,Braniff Airlines
2,Braniff Airways
1,Bremerton-Seattle Air Taxi / Gorst Air Lines
1,Bristol 170 Freighter 31M
1,Bristol Aeroplane Co.
3,Bristow Helicopters
1,Brit Air
1,Britannia Airways
1,Britavia
1,British Aircraft Corporation
1,British Airtours
8,British Airways
1,British Airways Helicopters
1,British Columbia Airways
1,British Commonwealth PacifiAirlines
2,British Eagle International Airlines
18,British European Airways
1,British European Airways / Military - British
1,British European Airways / Military - Soviet Air Force
1,British International Helicopters
2,British Midland Airways
25,British Overseas Airways
1,British Overseas Airways /Qantas
6,British South American Airways
1,British United Airways
1,British World Airways
1,Britt Airways
1,Broughton Air Servces
1,Broward Aviation Services - Air Taxi
1,Bruning Aviation
1,Bruno Air
1,Bruns Air Service - Air Taxi
1,Buckeye Air Service - Air Taxi
1,Buffalo Narrows Airways
1,Bulair TABSO
1,Burke Air Transport
1,Burlington Air - Air Taxi
1,Burlington Air Express
11,Burma Airways
1,Business Air Connection
1,Business Aircraft - Air Taxi
1,Business Jet Services
1,Butler Aviation Inc.
1,By Air
1,C and C Aviaiton - Air Taxi
8,CAAC
1,CAAC Air TraffiManagement Bureau
1,CAAK
1,Cable Commuter
1,Cabo Verde Airlines
1,Calair
1,Caledonian Airways
1,California Air Charter
1,California Air Freight
1,California Air National Guard
1,California Aircraft
1,CAMBA
3,Cambodia Air
4,Cameroon Airlines
1,Campagnie France Roumaine
1,Canada Jet Charters
1,Canadian Air Transat
1,Canadian Colonial Airways
10,Canadian PacifiAir Lines
1,Canair Cargo
1,Canair Corp. - Air Taxi
1,Canairelief Air
1,Cape Smythe Air Service
8,Capital Airlines
1,Capital Airlines / Military - Air National Guard
1,Capital Airlines Inc.
1,Capital Taxi Aereo
2,Capitol Air Service - Air Taxi
1,Capitol Airways
1,Care Flight International
1,Carga Aereo Transportada
1,Carga del Caribe
1,Cargo Three Panama
1,Cargolux
1,Carib Air Transport
1,Caribbean Air Carrier - Air Taxi
1,Caribbean Airlines
1,Caribbean International Airways
1,Carvair ATL-98
2,Cascade Airways
1,Casino Air - Air Taxi
1,Castle Aviation
1,CATA
1,CATA Linea Aerea
1,Catalina - Vega - Air Taxi
1,Catalina Airlines
5,Cathay PacifiAirways
1,CC Air
1,CCCP
1,Cebu PacifiAir
3,Central African Airways
1,Central Air Services
2,Central Air Transport
2,Central Airlines
4,Central Mountain Air Services
1,Centurian Air Cargo
1,Century Air Lines
1,Century PacifiLines
16,Ceskoslovenske Aerolinie
2,Ceskoslovenské Aerolinie
1,Cessnyca
1,Chaillotine Air Service
1,Chalk's International Airlines
1,Chalk's Ocean Airways
1,Chamberlin Flying Service
1,Channel Air Lift
1,Channel Express
2,Channel Flying Service - Air Taxi
2,Chartair - Air Taxi
1,Charter
1,Charter - Aerotaxi
1,Charter - Air Adventures New Zealand Ltd
1,Charter - Air Cush
1,Charter - Central Air
1,Charter - Flightline Charter Services
1,Charter - IRS Aero
1,Charter - Maniema Union (owner Victoria Air)
1,Charter - Private
1,Charter - Twin Air HB
1,Charter -Federal Electricity Commission
1,"Charter, Golden Eagle Aviation Inc."
1,Chelan Air Service
1,Cheremshanka Airlines
1,Chester Airport
1,Chicago and Southern Airlines
1,Chicago Helicopter Airways
2,Chicago Southern Airlines
1,Chicago-Detroit Airways
1,China Air Lines
14,China Airlines (Taiwan)
4,China Eastern Airlines
1,China Flying Dragon Aviation (Feilong Airlines)
1,China General Aviation Corporation
44,China National Aviation Corporation
2,China Northern Airlines
2,China Northwest Airlines
2,China Southern Airlines
2,China Southwest Airlines
1,China Southwest Airlines / Xiamen Airlines
1,Chugiak Aviation - Air Taxi
1,Churchill Falls Co.
1,Cia Brasiliera de Tratores
6,CIDNA
1,Cie Air Transport
1,Cie des Messageries Aeriennes
1,Circuit City Stores - Charter
1,City-Jet
5,Civil Air Transport
1,Clarkes Thunder - Air Taxi
1,ClassiWings
1,Coastal Air Lines
1,Coastal Cargo
1,COHATA
1,College of the Ozarks
6,Colonial Air Transport
2,Colonial Western Airlines
1,Columbia Air Cargo
1,Columbia PacifiAirlines
3,Comair
11,Commercial Air Taxi
1,Commercial Airways
1,Commercial Airways (Comair)
1,Commutair
1,Commuter Airline - Air Taxi
1,Compagnie Air Transport
1,Compagnie Internationale de Navigation Aérienne
1,Compagnie Sila
1,Compania de Aviacion Faucett SA (Peru)
1,Compania de Mexico
1,Compania Dominicana de Aviacion
1,Compania Mexicana de Aviacion
1,ComvaAviation
1,Condor Flugdienst
1,Conesul Taxi Aéreo
1,Congo Airline
1,Connair
1,Connie Kalitta Services
1,Conquest Airways - Air Taxi
3,Continental Air Lines
1,Continental Air Services
1,Continental Air Transport
8,Continental Airlines
1,Continental Charters
1,Continental Connection/Colgan Air
1,Continental Express
1,Continentale Deutsche Luftreederei
1,Conviasa
1,Cooper Skybird Air Charters
1,COPA (Panama)
1,Copterline
2,CORAL Colombia
2,Cordova Airlines
1,Corp. Aeronautica de Transportes
1,Corporacion Boliviano de Fomento
1,Corporate Air
1,Corporate Air - Air Taxi
1,Corporate Airlines (American Connection)
1,Corporate Mobility Inc. - Private
1,Costal Airway
1,Cougar Helicopters
1,Coval Air
1,Crasa - Air Taxi
1,Crest Airlines - Air Taxi
1,Cross Airways
2,Crossair
14,Cruzeiro
1,Cruzeiro Do Sud
2,Cruzeiro do Sul
1,CSA Czech Airlines
1,CTA LanguedoRoussillon
15,Cubana de Aviacion
1,Cubana de Aviacion / Military - US Navy
2,Cubana de Aviacon
1,Cunard Eagle Airways
1,Currey Air Transport
1,Curtiss-Reid Flying Services Ltd. (Canada)
1,Custom Air Service
1,Dai Nippon
1,Daimler Airways
1,Daimler Airways / Grands Express Aeriens
1,Dalmia Jain Airways
4,Dan Air Services
1,Dan-Air Services
1,Darbhanga Aviation
1,de Havilland Aircraft
4,Deccan Airways
1,Del Rio Flying Service - Air Taxi
1,Delaware Aviation - Air Taxi
12,Delta Air Lines
1,Delta Air Lines/ North Central Airlines
1,Deming Flying Service - Air Taxi
1,Den Norske Luftfartskole
1,Denver Air Center
1,Deraps Aviation
1,Deraya Air Taxi
1,Derby Aviation
3,Deruluft
1,Det Danske Luftfartselskab
1,Deutche Lufthansa
1,Deutsche Flugdienst
65,Deutsche Lufthansa
1,Deutsche Zeppelin Reederei
1,Devener Flying Service - Taxi
1,Devlet Hava Yollairi
4,Devlet Hava Yollari
1,DHL
1,DHL Aviation Africa
1,Dirgantara Air Service
5,Dirgantara Air Services
1,DJB Air Charter
2,Djibouti Airlines
1,DLL
1,DNL
1,Dodita Air Cargo
1,Dominicana
1,Dominion Air Lines
1,Don Everall Aviation
1,Don Zimmerman - Air Taxi
1,Douglas Aircraft
1,Douglas Aircraft Company
3,Douglas Airways
2,Downeast Airlines
2,DTA Angola Airlines
1,Duncan Aircraft Sales
1,Dunlap Aviation - Air Taxi
1,Dutch Continental Airways
1,Dutch Dakota Association
1,Dwyer Flying Service - Private Charter
1,E.A.S. Aeroservizi
3,Eagle Air
1,Eagle Airways
3,Eagle Aviation
1,Eagle Cap Leasing
1,Eagle Commuter
1,Eagle Flight - Air Taxi
1,EAS Airlines (Executive Airline Services)
1,East African Air Charters
2,East African Airways
1,East Anglian Flying Services
1,East Coast Air - Air Taxi
1,East Coast Jets
1,East Indonesia Air Taxi
1,East Provincial Airways
25,Eastern Air Lines
1,Eastern Air Lines / Military - Bolivian Air Force
1,Eastern Air Lines / Military - U.S. Army Air Corps
1,Eastern Air Lines / Military - USN
2,Eastern Air Transport
2,Eastern Provincial Airways
1,Ecuatair
1,Ecuato Guineana de Aviacion
1,Edde Airlines
1,EDELCA
1,Edinburgh Air Charter
9,EgyptAir
1,Eitos
1,Ejercito del Aire
4,El Al
1,El Magal Aviation
1,Elbee Airlines
1,ELK Aviation Co. (leased from Eminex)
1,Embry Riddle Company
2,Emery Worldwide
1,Emirates Air Transport
2,Empire Airlines
1,Empresa Aviacion del Pacifico
1,Empresa Nacional de Transp. Trabalho Aereo
1,Empressa Commun. Aéreas de Veracruz
1,Enimex
1,ERA Aviation - Air Taxi
1,ERA Helicopter
1,Era Helicopter - Air Taxi
1,ETA - Empresa Transportes Aéreos
13,Ethiopian Airlines
1,Eurasia
1,Eureka Aero Inc. - Air Taxi
1,Euro Asia Aviation
1,Euroair
1,Eurojet Italila
1,Europe Aero Service EAS
1,Everest Air
1,"Evergreen Alaska Helicopters, Inc."
2,Evergreen Helicopter - Air Taxi
1,Evergreen International Airlines
1,EXA Inc.
2,Executive Air - Air Taxi
1,Executive Airlines
1,Executive Funds
1,Executive Jet Sales Inc.
1,Exportada De Sal S.A.
1,Express Airlines - Northwest Airlink
2,Expresso Aéreo
1,F.R. de la Direccion General de Ados
1,Fairbanks Air - Air Taxi
1,Fairbanks Air Service - Taxi
1,Fairflight Ltd.
1,Fairways
1,Falcon Airways - Air Taxi
1,Falcon Aviation Group
1,FAMA (Argentina)
1,Far Aviation - Air Taxi / Speeds Flying - Air Taxi
1,Far East Aviation
6,Far Eastern Air Transport
1,Faraz Qeshm Airlines
1,Farnair Hungary
10,Faucett
1,Federal Airlines
2,Federal Express
2,FedEx
1,Festus Flying Service - Air Taxi
1,Fiji Air
1,Fiji Air Services
1,Filipinas Orient Airways
1,Fine Air
2,Finnair
1,First Air
1,Flamingo Airlines - Air Taxi
1,Flash Air
1,Fleming Airways System Transport
1,Fleming International Airways
1,Flight Safety Australia
1,Flight Service
1,Flightline
1,Florida Commuter Airlines
3,Flota Aérea Mercante Argentina
1,Flugefelag
1,Flugfelag Austurlands
1,Fly 540
11,Flying Tiger Line
1,Flying W Airways
1,Flynn's Ferry Service
1,Force Area Populaire de Angola
1,Ford Air Freight Inc.
5,Formosa Airlines
1,Fortaire Aviation - Air Taxi
1,Foster Aviation
1,Fragtflug
1,Francisco Cruz
1,Franco-Roumaine
1,Fred Olsen Flyveselskap
1,Freedom International
1,Frigorifico Cooperativo Los Andes
1,Frigorifico Maniqui
1,Frigorifico Reyes
1,Frigorifico Santa Rita
1,Frontier Air
2,Frontier Airlines
1,Frontier Flying Service
2,Frontier Flying Service - Air Taxi
1,Fuerza Area Angolaise
4,Fuerza Aérea Argentina
1,Fuerza Aérea Colombiana
6,Fuerza Aérea del Peru
1,Fuerza Aérea Nicaragua
1,Fuerza Aérea Panamena
1,Fuerza Aérea Uruguaya
1,Fuerza Aérea Venezolana
1,Fuji Airlines
1,Fujita Koku Kabushki Kai
1,Fun Air
1,G & W Aviation
1,Gabon Express
1,Gaige Aviation - Air Taxi
1,Galaxy Airlines
1,Galaxy Kavatsi Airlines
2,Galena Air Service - Air Taxi
1,Galesburg Aviation - Air Taxi
1,Gambcrest
1,Gander Aviation
1,Garamut Aviation
19,Garuda Indonesia Airlines
1,Garuda Indonesia Airlines / Garuda Indonesia Airlines
1,GAS Air
1,Gastonia Aviation - Taxi
2,Gay Airways - Air Taxi
1,General Air
2,General Airways
1,General Aviation Inc.
1,Georgia Express
1,Georgian Air
1,Geoterrex
1,Ghana Airlink
1,Ghana Airways
1,Ginger Coote Airways
1,Gira Globo Charter
1,GLM Aviation
1,Global Executive Aviation
1,Globe Air
1,Glow Air/Air Castle - Charter
1,Gol Airlines / Private
1,Golden Star Air Cargo
1,Golden West Airlines / Private
1,Goose Bay Air Services
1,Gor'ky Eskadril'ya
1,Goroka Air Services
1,Government of Mozambique
2,GP Express Airlines
1,Grand Aire
1,Grand Canyon Air - Air Taxi
2,Grand Canyon Airlines
1,Grand Canyon Airlines / Helitech
10,Grands Express Aeriens
1,Great Lakes Business Complany
1,Great Western and Southern Air Lines
1,Greek Government
1,Green Acres - Air Taxi
1,Green River Aviation - Air Taxi
1,Greenbriar Airways
1,Greylock Airways / Private
1,GT Air
1,Guardia Nacional de Venezuela
1,Guernsey Airways
1,Guiena Airways
3,Guinea Airways
1,Guinea Airways Limited
2,Gulf Air
1,Gulf Aviation (Kalinga Airways)
1,Gum Air Charter
1,Guyana Airways
2,Hageland Aviation Services
1,Haines Airways - Air Taxi
1,Hallo Bay Air - Air Taxi
1,Halvorson - Air Taxi
1,Hamilton Aviation
2,Handley Page Transport
1,Hang Khong (Vietnam)
1,Hankins Airways - Air Taxi
1,Harbor Airlines - Air Taxi
1,Harbour Air
1,Harbour Air Seaplanes Ltd.
1,Hargreaves Airways
1,Harka Air Services
1,Harold E. Bell - Air Taxi
1,Harold's Air Service
1,Harrington's Inc
1,Harry Faulkner - Air Taxi
1,Harvey's Flying Service - Air Taxi
1,Hati Express
1,Havasu City Air - Air Taxi
2,Haïti Air Inter
1,Heavylift Cargo Airlines
1,Helaire Helicopter
1,Heliandes
1,Helicol Colombia
1,Helicopter - Air Taxi
1,Helicopteros Nacionales de Colombia
1,Helicsa
1,Helikopter Service
1,Helios Airways
1,Helisul Taxi Aéreo
1,Heli-USA Airways
1,"Heli-USA Airways, In- Air Taxi"
1,Heliwork WA Pty Ltd. - Air Taxi
1,Henry Nichols - Air Taxi
1,Henry Webber Air - Air Taxi
1,Heringer Air Taxi
1,Hesler Noble - Air Taxi
1,Hewa Bora Airways
1,Hibiscus Air
1,Himmelsschreiber
1,HiTech Helicopters
1,Hlavka Aviation - Air Taxi
1,Holdens Air Transport Service
1,Holmstoem Air
3,Holyman Airways
1,Homer Air Service - Air Taxi
1,Horizon Properties
1,Hornbill Airways
1,Hoseba
1,Houston Metro Airlines
1,Houston-Beech - Air Taxi
1,Hudgin Air Service
1,Hudson Air Service - Air Taxi
1,Hughes Airwest / Military - US Marine Air Corps
1,Hunter Airways
2,Hunting Air Travel
1,Huron Air
1,Hyannis Air Service - Air Taxi
1,IAI 1124 Westwind
1,IAS Cargo
12,Iberia Airlines
1,Iberia Airlines / Aviaco
1,Ibertrans Aérea
3,Icelandair
22,Imperial Airways
1,Imperial Comm - Air Taxi
1,IMSS
1,Inair Panama
3,Indamer
1,Independent Air Inc.
1,Independent Air Travel
34,Indian Airlines
1,Indian Airlines/Alliance Airlines
2,Indian National Airlines
1,Indian National Airways
1,Indonesian National Police
1,Inex Adria Aviopromet
1,Inex Adria Aviopromet (Yugoslavia)
1,Inex Adria Aviopromet / British Airways
1,Inland Aviation - Air Taxi
1,Inter City Flug
1,Inter Island Air - Air Taxi
1,Inter Island Air Services
1,Interamericana de Aviacion
1,Intercontinental de Aviacion
4,Interflug
1,Interior Airways
1,Interior Airways - Air Taxi
1,Inter-Island
1,International Air Freight
1,International Control Commision
1,International Jet Charter
1,Interocean
1,Interstate Airlines
1,Intracostals - Air Taxi
1,Inuvik Coastal Airways
1,Invicta International Airlines (UK)
6,Iran Air
2,Iran Air Tours
1,Iran Air Tours / Military - Iranian Air Force
1,Iran Asseman Airlines
1,Iran National Airlines
2,Iraqi Airways
2,Island Air
2,Island Airways
1,Island Airways Ltd.
1,Island Express Helicopter Service
1,Island Sky Ferry - Air Taxi
1,Islands Nationair
1,Islands of the Bahamas Inc
4,Itavia
1,Itek Air
1,Ivolga Avia
1,Jack Harter Helicopters
1,Jack N. Boswick - Air Taxi
2,Jamair
1,Jamie Ramirez - Air Taxi
9,Japan Air Lines
1,Japan Air Self-Defence Force
1,Japan Aviation Corporation
8,JAT Yugoslav Airlines
1,Jay Hawk Air - Air Taxi
1,JC Air
1,Jersey Airways
1,Jet Alaska
1,Jet Avia Charter
1,Jet Charter Group
1,Jet Pro
1,Jet Wings
1,Jetcom S.A.
1,Jetcraft
1,Jetstream Inc.
2,Jett Paqueteria SA
1,Jetwingsco Inc. - Private Charter
1,Johnson Flying Service
1,Jordan International Airlines
2,Juba Air Cargo
1,Junction City Fire Department
8,Kalinga Airlines
1,Kalinin
1,Kam Air
2,Kamchatavia
1,Kansas City Southern Skyways
1,Kapowsin Air Sports
2,Karibu Airways
1,Kata Transportation
1,Kauai Helicopter - Air Taxi
1,Kavatshi Airlines
1,Kelowna Flightcraft Air Charter
3,Kenai Air Service - Air Taxi
1,Kenmore Air - Air Taxi
2,Kenn Borek Air
2,Kenya Airways
1,Key West Sea Plane Service - Air Taxi
1,Keystone Air Services Ltd. - Air Taxi
1,Khalatyrka
1,Khors Aircompany
1,Kiev Production Association
1,Kime Flying Service - Air Taxi
1,Kimura International
1,Kinair Cargo
1,King Air Charter
1,Kirghizia Aba Zaoldoru
1,Kisangani Airlift
1,Kish Airlines
1,Kismayo Airlines
1,Kivu Air Services
1,Kiwi West Aviation
1,KLM Cityhopper
33,KLM Royal Dutch Airlines
1,Knight Air
4,KNILM
1,Knowles Flying Service of Detroit
2,Kodiak Airways
1,Kodiak Western Alaska Airlines
1,Komi Avia
1,Kondair
2,Korean Air
10,Korean Airlines
1,Krasnoyarskavia
1,Krasnoyarskie Avialinii
1,Kuban Airlines
1,Kurtzer Flying Service - Taxi
1,Kuwait Airways
1,L & J Company
1,L.J. Simmons - Air Taxi
1,La Costena
1,Lab Flying Service - Air Taxi
1,Labradore Airways
2,LAC Colombia
1,LAC Columbia
1,Lackey Aero Company - Taxi
1,LACOL
1,LACSA
2,LADE
1,Ladeco
1,Lake Central Airlines
1,Lake Havasu Air
1,Lambair
6,LAN
1,LANC Colombia
1,Lancashire Aircraft Corporation (Skyways)
3,Lanica
5,LANSA
2,Lao Aviation
1,Lao Cathay Airlines
1,Laoag International Airlines
1,"LAPA, Lineas Aereas Privadas Argentinas"
2,LARES
1,L'Armée de L'Air
4,Las Vegas Airlines
4,Latecoere Airlines
1,LATI
1,Lauda Air
1,Laurentian Air Services
1,LAV - Linea Aeropostal Venezolana
1,Layman Weikle - Taxi
1,Leadair - Charter
1,Leamon Flying Service
1,Lebanese International Airways
1,Leeward Islands Air Transport
1,Lehigh Acres Development Inc.
1,Les Ailes de Gaspé Inc.
1,Lester C. Bush - Air Taxi
1,Lexington Air Taxi
1,L'Express Airlines
1,Liard Air
1,Libya Arab Airlines
1,Libya Arab Airlines / Military - Libya Air Force
3,Lignes Aeriennes Latecoere
1,Lina Congo
1,Linair Express
15,Linea Aeropostal Venezolana
1,Linea Aérea Mexicana de Carga
1,Linea Aérea Nacional
1,Linea Expresa Bolivar
1,Lineas Aereas
1,Lineas Aereas de Angola
1,Lineas Aereas de Espana/Spantax SA Transportes
1,Lineas Aereas de los Libertadores
1,Lineas Aereas del Caribe
1,Lineas Aereas del Estado
1,Lineas Aereas Mineras
2,Lineas Aereas Nacionales SA (Peru)
1,Lineas Aereas Suramericanas
1,Lineas Aereas Unidas
1,Lineas Areas del Centro
1,Lineas Areas Unidas
1,Lineas Areas Venezolanas
1,Lineas Aéreas Brasil
1,Lineas Aéreas Cave
1,Lineas Aéreas Colombianas
1,Lineas Aéreas Costarricenses
1,Lineas Aéreas Costarricenses LACSA
1,Lineas Aéreas Interpolar
3,Lineas Aéreas La Urraca
1,Lineas Aéreas Mineras
2,Lineas Aéreas Nacionales
1,Lineas Aéreas Sud Americana
1,Lineas Aéreas Suramericanas
1,Lineas Aéreas Trans. Brasileira
5,Linee Aeree Italiane
1,Linjefyg
1,Lion Air
1,Lionair
1,Lisa Jet Inc. - Air Taxi
1,Living Water Teaching Ministries Charter
1,Livingston Helicopter - Air Taxi
9,Lloyd Aereo Boliviano
1,Lloyd Aereo Colombiano
1,Lloyd Aero Boliviano
3,Lloyd Aéreo Boliviano
1,Lockheed AC-130H Hercules
2,Loftleidir IcelandiAirlines
4,Loganair
2,Loide Aereo Nacional
3,Loide Aéreo Nacional
1,Loma Linda University - Air Taxi
1,Lone Star Airlines
2,Los Angeles Airways
12,LOT Polish Airlines
5,Lufthansa
1,Lufthansa Cargo Airlines
1,Lufthansa Cityline
1,Luft-Taxi Emsland
1,Lumbini Airways
1,Luthi Aviation - Air Taxi
1,Luxair
1,Líder Táxi Aéreo
1,Líneas Aéreas Suramericanas
1,Mabuhay Airways
1,Macchi
1,Macon Horizons - Air Taxi
1,Maddux Airlines
1,Maddux Airlines / Military - U.S.Army Air Force
1,Madrid Taxi Aéreo - Charter
1,Magistralnye Avialinii
1,MajestiAir Cargo
2,Malaysia Airlines
1,MALERT
1,Malert Airlines
7,Malev Hungarian Airlines
1,Malindi Air Services
2,Malu Aviation
1,Mamer - Shreck - Air Taxi
1,Manacá Táxi Aéreo
1,Manchurian Air Lines
2,Mandala Airlines
1,Mango Airlines
1,Mannin Airways
1,Manunggal Air
3,MAP
1,MAP - Ministerstvo Aviatsionnoi Promyshlennosti
1,Marco Zero Air Taxi
3,Maritime Central Airways
1,MarkAir Commuter
1,MaRoberston-Miller Airlines
1,MaRobertson Miller Airlines
1,MaRobertson-Miller Airlines
1,Marsland Aviation
2,Martinair Holland NV
1,Maryland State Police
1,MATS - Manila Aero Transport System
1,Mavrik Aire Transport
1,Mayoral Executive Jet
1,McCoy Flying Service - Taxi
1,McKenzie Flying Service - Air Taxi
1,McKinley Air Service - Air Taxi
1,MD Air Services
1,Med Flight Air Ambulance - Private
1,Mercer Airlines
1,Mercury Aviation
2,Merpati Nasantara Airlines
16,Merpati Nusantara Airlines
1,MerriAviation - Air Taxi
1,Metro Air Systems
1,Metro Aviation
1,Metro Cargo
1,Metro Commuter - Air Taxi
1,Mexican Government
11,Mexicana
2,Miami Airlines
5,MIAT - Mongolian Airlines
1,Mid Continent Airlines
1,Mid Island Air - Air Taxi
1,Mid PacifiAir
1,Mid-AtlantiFreight
4,Middle East Airlines
1,Middle East Airlines / Military - Turkish Air ForceC-47
1,Middle States Airlines
1,Midwest Express
1,Mililtary - Royal Canadian Air Force
1,Mililtary - Soviet Air Force
1,Mililtary - U.S. Navy
1,Military - (2) U.S. Army Air Forces
15,Military - Afghan Republican Air Force
1,Military - Algerian Air Force
8,Military - Angolan Air Force
1,Military - Angolan Armed Forces
6,Military - Argentine Air Force
1,Military - Argentine Navy
1,Military - Armée de l'Air Malgache
1,Military - Australian Army Aviation
2,Military - Azerbaijan Air Force
3,Military - Belgian Air Force
2,Military - Bolivian Air Force
10,Military - Brazilian Air Force
1,Military - British Air Ministry
1,Military - Burma Air Force
1,Military - Canadian Air Force
1,Military - Canadian Army
1,Military - Centrafricain Airlines
1,Military - Chadian Air Force
3,Military - Chilean Air Force
2,Military - Chilian Air Force
1,Military - Chilian Navy
5,Military - Chinese Air Force
2,Military - Colombian Air Force
2,Military - Colombian Army
1,Military - Colombian government
2,Military - Congolese Air Force
1,Military - Corrieri Aerei Militari
1,Military - Cuban Air Force
1,Military - Deutsche Luftwaffe
1,Military - Dostum-Galboddin Militia
2,Military - Ecuadorean Air Force
2,Military - Ecuadorian Air Force
4,Military - Egyptian Air Force
1,Military - Ejército del Aire
1,Military - El Salvador Air Force
3,Military - Ethiopian Air Force
1,Military - Federal Nigerian Air Force
1,Military - Finish Air Force
1,Military - Florida Army National Guard
1,Military - Force Aérienne Zaïroise
1,Military - Forces Militaires Françaises
1,Military - Força Aérea Brasileira
1,Military - Força Aérea Portuguesa
9,Military - French Air Force
3,Military - French Naval Aviation
1,Military - French Navy
1,Military - Fuerza Aérea Argentina
1,Military - Fuerza Aérea Colombiana
1,Military - Fuerza Aérea de Chile
1,Military - Fuerza Del Peru
2,Military - Georgian Air Force
1,Military - German Air National Guard
3,Military - German Army
15,Military - German Navy
1,Military - Government of Equatorial Guinea
1,Military - Government of Macedonia
1,Military - Greek Air Force
1,Military - Greek Army
1,Military - Guatemalan Air Force
1,Military - HelleniAir Force
2,Military - Honduran Air Force
3,Military - Imperial Iranian Air Force
16,Military - Indian Air Force
1,Military - Indian Navy
5,Military - Indonesian Air Force
5,Military - Iranian Air Force
2,Military - Iranian Revolutionary Guard Corps Air Force
3,Military - IslamiRepubliof Iran Air Force
1,Military - IslamiRevolution's Guards Corps
2,Military - Israel Air Force
1,Military - Israel Air Force /Military - Israel Air Force
3,Military - Italian Air Force
1,Military - Japan Air Self Defense Force
6,Military - Japan Maritime Self Defense Force
1,Military - Japanese Air Self-Defence Force
1,Military - Kenya Air Force
1,Military - Kenyan Air Force
1,Military - Kuwait Air Force
1,Military - Lao People's Liberation Army Air Force
1,Military - Luftwaffe
1,Military - Luftwaffe / Military - USAF
1,Military - Lybian Arab Air Force
1,Military - Macedonian Air Force
1,Military - Madagascar Air Force
1,Military - Malaysian Air Force
2,Military - Mauritanian Air Force
4,Military - Mexican Air Force
2,Military - Mozambique Air Force
5,Military - Nicaraguan Air Force
1,Military - Niger Air Force
2,Military - Nigerian Air Force
6,Military - Pakistan Air Force
1,Military - People's Army/ Military - Peoples Air Force
1,Military - People's Liberation Army
3,Military - Peruvian Air Force
1,Military - Peruvian Air Force - TANS
1,Military - Peruvian Army Aviation
1,Military - Peruvian Naval Aviation
7,Military - Philippine Air Force
3,Military - Polish Air Force
2,Military - Portuguese Air Force
4,Military - Republiof China Air Force
3,Military - Republiof South Korea Air Force
36,Military - Royal Air Force
1,Military - Royal Airship Works
11,Military - Royal Australian Air Force
2,Military - Royal Belgian Air Force
2,Military - Royal British Navy
6,Military - Royal Canadian Air Force
1,Military - Royal HelleniAir Force
2,Military - Royal Indian Air Force
2,Military - Royal Jordanian Air Force
1,Military - Royal Lao Air Force
1,Military - Royal Lesotho Defence Force
2,Military - Royal Nepalese Air Force
1,Military - Royal Netherlands East Indies Air Force
1,Military - Royal Netherlands Naval Air Service
1,Military - Royal Norwegian Air Force
2,Military - Royal Saudi Air Force
5,Military - Royal Thai Air Force
1,Military - Russian
14,Military - Russian Air Force
1,Military - Russian Air Force / Military - Russian Air Force
1,Military - Russian Air Force/Uzbekistan Airways
1,Military - Russian Army
1,Military - Russian Navy
1,"Military - Russian, cargo"
1,Military - Salvadoran Air Force
1,Military - Salvadorian Air Force
1,Military - Servicio Aereo Nacional
1,Military - Slovak Air Force
3,Military - South African Air Force
9,Military - Soviet Air Force
1,Military - Soviet Navy
2,Military - Spanish Air Force
1,Military - Spanish Air Force.
7,Military - Sri Lanka Air Force
3,Military - Sudan Air Force
1,Military - Sudanese Air Force
1,Military - Taliban Militia
1,Military - Tentara Nasional Indonesia Navy
1,Military - Thai Army
3,Military - Turkish Air Force
1,Military - U. S. Air Force
1,Military - U. S. Navy
176,Military - U.S. Air Force
3,Military - U.S. Air Force / Military - U.S. Air Force
1,Military - U.S. Air Force / Military - U.S. Army
1,Military - U.S. Air Force / Military - U.S. Navy
1,Military - U.S. Air Force / Military U.S. Air Force
2,Military - U.S. Air Force / U.S. Air Force
1,Military - U.S. Air Force/Military - U.S. Air Force
23,Military - U.S. Army
2,Military - U.S. Army / Military - U.S. Army
1,Military - U.S. Army / Military U.S. Army
2,Military - U.S. Army Air Corps
1,Military - U.S. Army Air Force
43,Military - U.S. Army Air Forces
1,Military - U.S. Army Air Forces / Military - U.S. Army Air Forces
1,Military - U.S. Army Air Service
13,Military - U.S. Marine Corps
2,Military - U.S. Marine Corps/Military - U.S. Marine Corps
1,Military - U.S. Marines
36,Military - U.S. Navy
3,Military - U.S. Navy / Military - U.S. Navy
1,Military - U.S. Navy / NASA
1,Military - Ukraine Air Force
1,Military - Unified Yemen Air Force
2,Military - Union of Burma Air Force
1,Military - United States Air Force
2,Military - United States Army Air Force
1,Military - United States Marine Corps
2,Military - United States Navy
1,Military - Uruguayan Air Force
1,Military - US Air Force
1,Military - US Army
2,Military - Venezuelan Air Force
2,Military - Venezuelan Army
2,Military - Venezuelan Navy
5,Military - Vietnamese Air Force
1,Military - Vietnamese Air Force / Military - U.S. Army
1,Military - West German Air Force
3,Military - Zairean Air Force
1,Military - Zambia Air Force
2,Military - Zambian Air Force
1,Military - Zimbabwe Air Force
22,Military -Royal Air Force
1,Military Soviet Air Force - Aeroflot
1,Military U.S. Navy
1,Military U.S. Navy / Military - U.S. Navy
1,Million Air
3,Milne Bay Air
1,Miltiary - U.S. Airforce
1,Mimika Air
1,Mineral County Airlines
1,Minerva Airlines
1,Ministerstvo Obshchestvo Mashinostroyeniya
7,Misrair
3,Missionary Aviation Fellowship
2,MK Airlines
1,MMM Aero Services
4,Mohawk Airlines
1,Moldovan Aeriantur-M Air Cargo
1,Monarch Aviation
1,Mongolian Defense Ministry
1,Monmouth Airways
1,Monument Valle - Air Taxi
1,Moore's Air Charter
1,Morningstar Air Express
1,Morris Hancock Flying Club - Charter
1,Moskovia Airlines
2,Mountain Air Cargo
1,Moyer Aviation - Air Taxi
1,Mt. McKinley Airfreight
2,Munz Northern Airlines
1,Mustang Aviati
1,Mustique Airways
4,Myanmar Airways
1,Nacional de Aviacion
1,Naftogaz
1,Nahanni Air Services
1,Nash and Tampo - Air Taxi
1,Naske Air
1,Nationair (chartered by Nigeria Airways)
1,National Air Operators
9,National Air Transport
1,National Air Transport Services
8,National Airlines
1,National Airways
1,"National Jet Services Inc., (Air Indiana)"
1,National Parks Airways
1,Nationwide Air Transport
1,Naturelink
1,Navegacao Aerea Brasileira
1,Naysa Aerotaxis
1,NC Simpson - Taxi
2,Necon Air
1,New England Airlines
1,New England Airways
1,New England Aviaiton
1,New Standard Airlines
2,New Tribes Mission
3,New York Airways
1,New York Helicopter
5,New Zealand National Airways
1,NewCal Aviation
1,NFD - Nurnberger Flugdienst
1,NHR Táxi-Aéreo
4,Nigeria Airways
1,Nightexpress
1,Nile Delta Air Services
2,Nile Safaris Aviation
1,NLM (Nederlandse Luchtvaart Maatschappij)
2,Nordair
1,Nordchurchaid
1,Nordeste Linhas Aereas
3,Nordeste Linhas Aéreas
1,Norilsk Flight Company
1,Norte Jet Táxi Aéreo
1,North American Sabreliner 40
1,North Bay Charter
1,North Canada Air
1,North Cay Air - Air Taxi
1,North Cay Airways
1,North Central Airlines
1,North Central Airlines / Air Wisconsin
1,North Central Airlines / Private
1,North Coast Aviation
1,North Continental Airlines (Robin Airlines)
1,North East Bolivian Airways
1,North PacifiAirlines
1,North Queensland Airways
1,North Sea Aerial and General Transport
1,North Sound Aviation
1,North Star Air Cargo
1,North Western Air Transport
5,Northeast Airlines
2,Northeast Jet
1,Northern Air (Tanzania)
1,Northern Air Cargo
1,Northern Executive Aviation
1,Northern Illinois Flight Center
1,Northern Thunderbird Air
1,Northern Thunderbird Air Ltd.
1,Northern Wings
1,Northwest Airlines
1,Northwest Airlines/ Northwest Airlines
1,Northwest Airlink
1,Northwest Airways
1,Northwest Moon - Air Taxi
25,Northwest Orient Airlines
2,Norwegian Airlines
1,Nuna Air
1,"NY, Phil., Washington AW"
1,Nyika Safaris
1,Ocean Airlines
1,Oceanaire Helicopter - Air Taxi
1,Oefag Flugdienst
1,Oeste Linhas Aereas
1,Okada Air
1,Okanagan Helicopters
4,OlympiAirways
1,OlympiAviation
1,One-Two-Go Airlines
1,Onzeair
1,Orcon Inc. - Air Taxi
1,Orient Air System and Integrated Services
2,Orient Airways
1,Oriental Airlines
1,Orion - Air Taxi
1,Orlando Airways - Air Taxi
1,Ortner Air Service - Taxi
1,Overseas National Airways
1,Oxaero Ltd.
1,Ozark Air Lines
1,Ozark Air Lines / Private
1,PacifiAir
2,PacifiAir Lines
6,PacifiAir Transport
1,PacifiAirways
1,PacifiAlaska Air Freight
1,PacifiAlaska Airlines
1,PacifiCoast Airlines
3,PacifiCoastal Airlines
1,PacifiNorthern Airlines
1,PacifiOverseas Airways
2,PacifiSouthwest Airlines
1,PacifiSouthwest Airlines / Private
5,PacifiWestern Airlines
1,Page Airways
1,Pakair
1,Pakistan Airways
15,Pakistan International Airlines
1,Palair Macedonian
2,Pan African Air Charter
1,Pan African Airlines
5,Pan American Airways
1,Pan American Airways (Scadta)
2,Pan American Grace Airlines
4,Pan American Grace Airways
41,Pan American World Airways
1,Pan American World Airways / KLM
1,Pan ArctiOil
1,Pan International
1,Pan Malaysian Air Transport
2,Panagra
12,Panair do Brasil
1,Panair do Brazil
1,Panorama Air Tour
1,Papillon Grand Canyon Helicopters of Las Vegas
1,Paradise Air
1,Paradise Airlines
1,Paradise Tour Helicopters
1,Paraense Transportes Aereos
2,Paraense Transportes Aéreos
1,Paramount Airlilnes
1,Parsa
1,Partnair
1,Patagonia Airlines
1,Pathet Lao Airlines
1,Patuxent Airways / Private
1,Paukn Air
1,Paul Kelly Flying Service Inc.
1,Pavair
1,Pel Air
6,Pelita Air Service
2,PenAir
1,PENAS
1,Peninsula Air Services
1,Peninsular
1,Penninsula Airways - Air Taxi
1,Pennsylvania Airlines
4,Pennsylvania Central Airlines
1,Perimeter Airlines
1,Perris Valley Aviation
4,Petroleum Helicopter
1,Petroleum Helicopters Inc
1,Petrolium Helicopter
1,Petrolium Helo Inc.
1,Petroproducción
1,PHI Air Medical
3,Philippine Aerotransport
1,Philippine Air Express
33,Philippine Air Lines
1,Phillips Flying Service - Air Taxi
1,Phoenix Air
1,Phoenix Airlines
1,Phoenix Aviation
1,Pickwick Airways
3,Piedmont Airlines
2,Piedmont Airlines / Private
2,Pilgrim Airlines
1,Pinnacle Airlines/Northwest Airlink
2,Pioneer Airlines
1,Plane Sailing
1,Planemasters
1,PMT Air
1,Points North Air Services
2,Polynesian Airlines
1,Portsmouth Aviation - Air Taxi
1,President Airlines
1,Presidental Airways Inc. - Air Taxi
1,Prestige Airlines (Cargo) Charter
1,Price Aircraft Company
3,Prinair
1,Prior Aviatoin - Air Taxi
1,Priority Air - Air Taxi
1,Priorty Air Charter
31,Private
1,Private - Air Taxi
1,Private - Ashland Oil Company
1,Private - Boeing Aircraft Company
1,Private - Corporate
1,Private - Daewoo Shipbuilding
1,Private - de Havilland Aircraft
1,Private - Facilities Management Co.
1,Private - Hendrick Motorsports Inc.
1,Private - Kabanov - skydiving
1,Private - Mainline Aviation
1,Private - Omniflight Helicopters
1,Private - OverteCompany
1,Private - Parajump air show
1,Private - Purdue Reasearch Foundation
1,Private - Techint group
1,Private - WNBC
1,Private air taxi
4,Private Charter
1,Private KNBC Los Angeles
1,Private Wings
1,Procuradoria General de la Republica
1,Procuraduría General de la República
1,Procurator Generale de la Republica
1,Professional Aviation Services
1,Propair
1,Prospec
1,Proteus Air / Private
2,Provincetown - Boston Airlines
1,Provincial Air Services
1,Provincial Airlines
1,PT Air Regional
1,Ptarmigan Airways
1,Pudget Sound Air - Air Taxi
1,Pulkovo Airlines
1,Pulkovo Aviation Enterprise
1,Purdue Airlines Inc.
13,Qantas
1,Quakertown Aviation - Air Taxi
2,Quebecair
1,Queen Airmotive - Air Taxi
2,Queen Charlotte Airlines
2,Queensland Airlines
1,Radeair
1,RAM
1,Rambar Aviation - Air Taxi
2,Rapid Air Transport
1,Ray A. Gardner - Taxi
1,Raytheon Aircraft
1,RCMP-GRC Air Services
8,REAL
1,REAL / Military - U.S. Navy
1,Reali Taxi Aereo
1,Red Aircraft Service - Air Taxi
1,Red Bank Air Taxi
1,Red Carpet Flying Service - Air Taxi
1,Reed Aviation - Air Taxi
1,Reeder Flying Service
1,Reeve Aleutian Airlines
1,Regency Express Air
2,Regina Cargo Airlines
1,Regional Airlines
1,Regional Compagnie Aerienne Europeenne
1,Regionnair
1,Renan Airways
1,RepubliAirlines
1,Resort Air Service - Air Taxi
1,Resort Airlines
1,Revilla Flying Service - Air Taxi
1,Reynolds Airways
1,Rhoadgs Aviation - Air Taxi
1,Richland Aviation - Taxi
1,Richland Flying Service - Air Taxii
1,Richmor Aviation
1,Rico Linhas Aereas
1,Rico Taxi Aero
1,Rico Taxi Aéreo
2,Riddle Airlines
1,Rijnmond Air Services
1,Rimouski Airlines
1,Rinaldo Piaggio
1,Riverside Air
1,Roadrunner Airlines
1,Robinson Airlines
1,Rocky Mountain Airways
1,Romanian Banat Air
1,Ross Aviation - Air Taxi
1,Rotor Airs In- Air Taxi
1,Rotorcraft Leasing Co
1,Rousseau Aviaiton
2,Royal Air Lao
2,Royal Air Maroc
1,Royal American - Air Taxi
8,Royal Nepal Airlines
1,RRC Air Service
1,Rubner Flying Service
1,Ruiban & Duran Compania Aérea
1,Russ Air Transport Company
1,Rusts Flying Service Inc.
1,Rutaca
1,Rutaca Airlines
1,Rutas Aéreas Nacionales SA
1,Rutas Internacionales Peruanes
1,Rwanda Government
2,Ryan Air Services
1,Ryan Blake Air Charter
1,Ryan International Airlines
1,Réseau Aérien Interinsulaire
1,SA Amazonica
2,Sabah Air
2,Sabang Merauke Raya Air Charter
24,Sabena
1,Sabeni
1,SADELCA
1,Sadia
1,SAESA
4,SAETA
1,Safe Air Cargo
1,Safe Air Complany
1,Safeway Airways
2,Saha Airline Services
1,Sahara
3,Sahsa Airlines
1,Saint Lawrence Airways
2,Sakha Airlines
2,Salair
1,Salida Flying Service - Air Taxi
1,Salmon Air - Air Taxi
2,SAM Colombia
1,SAMSA
1,SAN Ecuador
1,San Juan Air
1,Sankuru Air Service
3,SANSA
1,Santa Barbara Airlines
1,Sarit Airlines
2,Sasco Air Lines
1,Saskatchewan Government Northern Air Operations
2,SATA
2,SATCO
11,SATENA
2,Saturn Airways
6,Saudi Arabian Airlines
1,Saudi Arabian Airlines / Kazastan Airlines
1,Saudi Arabian Royal Flight
2,Savanair
1,Savannair
2,SAVCO
1,SAVIARE S.A. - Air Taxi
2,SCADTA
6,Scandinavian Airlines (SAS)
1,Scandinavian Airlines (SAS) / Private
1,Scanex Air
1,SceniAir Lines
3,SceniAir Tours
1,SceniAirline - Air Taxi
2,SceniAirlines
2,Scibe Airlift Cargo Zaire
3,Scottish Airlines
1,Sea Airmotive
1,Seattle Air Charter
1,Seaview Aviation
1,SeaWind Aviation
1,Security Air
3,SELVA
1,SELVA Colombia
1,Selva Taxi Aero
1,SEMAF
1,Sempati Air
1,Senegalair
1,Servant Air
2,Service Air
1,Servicio Aereo Columbiano / SCADTA
1,Servicio Aereo Manchupo
1,Servicio Aéreo Panini
1,Servicio Expresso Nacional
1,Servicios Aereas Virgen de Copacabana
1,Servicios Aereos Martinez Leon
1,Servicios Aereos Nacionales
1,Servicios Aereos Nacionales Airways
1,Servicios Aereos Santa Ana
1,Servicios Aeronauticos Sucre (SASCA)
1,Servicios Americanos
1,Servicios Aéreos Boliviano
1,Servicios Aéreos Especiales
2,Servivensa
1,Seventy Airways - Air Taxi
1,SFC Vietnam - Charter - Full Account
1,Shanair Inc. - Air Taxi
1,Shangri La Air
1,Shanxi Airlines
1,Shell Co of Ecuador
1,Shelter Cove Sea Park
1,Si Fly - U.N. charter
1,Siamese Airways
1,Sibir (S7)
2,Sibir Airlines
1,Sierra PacifiAirlines
1,SilkAir
1,Silver City Airways
1,Simmons Airlines
1,Simpson Air Service - Air Taxi
2,Singapore Airlines
1,Sinquanon Management - Air Taxi
1,Skagway Air Service - Air Taxi
1,Skips Air Service - Air Taxi
1,Sky Cabs
1,Sky Chopper - Air Taxi
1,Sky Executive Air Services
1,Sky Haven - Air Taxi
1,Sky Train Air
1,Skycraft Air Transport
1,Skydive Salt Lake - Charter
2,Skyline Airways
1,Skyline Aviation - Air Taxi
1,Skyline Sweden
1,Skyline Transportation Company
1,Skylink Airlines
2,Skypower Express Airways
1,Skystream Airlines
1,Skyvan Airways
1,Skyward Aviation
1,Skyway Air - Taxi
1,Skyways
2,Skyways of London
1,Skywest Airlines / Private.
1,Skyworld Airlines (Ports of Call Inc.)
1,SL Aviation Services
6,Slick Airways
1,Slick Airways - Cargo
1,Smithers Air Service
1,Smyer Aircraft - Air Taxi
1,Snow Valley Ski Lines
2,Sobelair SA (Belgium)
1,Soc. de Tr. Aériens d'Extrême Orient
2,Sociedad Aeronautica Medellin
1,Sociedade de Aviacao Ligeira Charter
1,Societ? Aerea Teseo
1,Societa Aerea Mediterranea
1,Societe Aerienne du Littoral
1,Societe Alpes Provence
1,Societe France Hydro
1,Societe Indochinoise de Raviteillement
1,Societe Indochinoise de Transport Aeriens
1,Societe Transatlantique Aerienne
1,Société Auxiliare de Navigation Aérienne
1,Société Aérienne de Tr. Tropicaux
1,Société de Transports Aériens
1,Socotra
1,Soldotna Air Services
2,Solomon Islands Airlines
3,Somali Airlines
1,SoniBlue Airways
1,Sosoliso Airlines
1,Soundsair
6,South African Airways
1,South Central Airlines
2,South PacifiIsland Airways
2,Southcentral Air
1,Southeast Airlines
1,Southeast Sky - Air Taxi
1,Southeast Skyways - Air Taxi
1,Southern Air Transport
2,Southern Airways
1,Southern Cross Airways
1,Southern Express
1,Southern Jersey Air - Air Taxi
1,Southern Sudan Air Connection
1,Southwest Air
1,Southwest Airlift
2,Southwest Airlines
1,Southwest Airways
1,Southwest Aviation - Air Taxi
1,Southwest Medivac
1,Sowind Air
1,Spair Air Transport
1,Spanair
1,Spanish Air Force
6,Spantax
1,Spartan Air Services
1,Speed Service Couriers
1,Spencer Airways / Ceskoslovenske Aerolinie
1,Spernak Airway - Air Taxi
1,Spernak Airways - Air Taxi
1,STAAP
1,Staer Air
1,Standard Airlines
1,STAP
1,Star Aviation
1,Starair
1,Starways
1,STASA
1,State Airlines
1,Stavropol Airlines
3,Sterling Airways
1,Stikine Air Service - Air Taxi
1,Strait Air
1,Straits Air Freight Express
1,Straley Flying Service - Air Taxi
1,Strato Freight
1,Stratofreight
1,Streamline
1,Suburban Airlines - Air Taxi
5,Sudan Airways
1,Sudania Air Cargo
1,SUDENE
1,Summit Air Charters
1,Sun Valley Airways - Air Taxi
1,Sun West Airline - Air Taxi
1,Sunbeam Air Transport Co.
1,Sundance Helicopters
1,Sunflower Airlines
1,SunQuest Executive Air Charter
1,Superior Airways
1,Superior Aviation
1,Surinam Airways
1,Survair
1,Svedijos Prekés
1,Svenska Aero
1,SW Air Rangers - Air Taxi
1,Swedish Air Force
1,Swifair
1,Swift Aire Lines Inc.
11,Swissair
1,Syktyvkar Avia
5,Syndicato Condor
2,Syrian Airways
1,Syrian Arab Airlines
1,T & G Aviation
1,T.A. Intercontinentaux
1,T.A. Intercontinentaux (France)
1,TAA
5,TAAG Angola Airlines
4,TABA
1,TABSO
1,TAC Colombia
10,TACA
1,TACA International Airlines
1,TACSA
1,TACV-Cabo Verde Airlines
1,Tadair
2,TAESA
1,TAG Airlines
4,Taiwan Airlines
1,Taiwan Aviation
3,Tajikistan Airlines
7,Talair
1,Talia Airways
8,TAM (Bolivia)
6,TAM (Brazil)
1,TAM (Peru)
3,TAM Lineas Aéreas Regional
1,TAM Paraguay
1,Tamair
7,TAME
1,TAME Ecuador
1,Tampa Air Center - Air Taxi
1,TAMPA Colombia
2,TAN
1,TAN Honduras
1,TanaMana Aviation
1,Tanana Air Taxi
1,TANS Airlines
1,TANS Peru
1,Tanzania Aviation
2,TAO
1,Taos Airways - Air Taxi
1,TAP (Air Portugal)
1,Taquan Air Service
1,TAR
1,Tar Heel Aviation
12,Tarom
1,TARS
1,Tartarstan Airlines
1,Tashkent Aircraft Production Corporation
1,TASSA
1,Tassili Airlines
1,TAUSA
2,Taxader Airlines
1,Taxair
1,Taxi Aereo de Santander
6,Taxi Aereo El Venado
1,Taxi Aéreo Cesar Aguiar
1,Taxi Aéreo del Guaviare
1,Taxi Aéreo el Venado
1,Taxi Aéreo Kovacs
1,Taxval
1,Team Air
1,Tech - Aeronautical Explotiation
2,Telford Aviation
1,Temesco Helicopter - Air Taxi
1,Temsco Airlines
1,Temsco Helicopter - Air Taxi
1,Tepper Aviation
1,Terry Air Inc.
1,Texas International Airlines
7,Thai Airways
1,Thai International
1,Theif River Aviation - Air Taxi
1,Tierra del Fuego Province
2,Tigres Voladores
1,Tiramavia
1,Titan Airways
1,TMK Air Commuter
1,Toa DomestiAirline (Japan)
1,Tomahawk Airways
1,Top Air - Air Taxi
1,Total
1,Total Air Lines
1,Touraine Air Transport
1,TPI International Airways
1,Tracep
1,Trade Wings Aviation Ltd.
1,Trafik-Turist-Transportflyg
1,Trans Air Services
1,Trans Alaska Helicopter - Air Taxi
3,Trans Australia Airlines
7,Trans Canada Air Lines
1,Trans Canada Air Lines / RCAF
1,Trans Caribbean Airways
1,Trans Colorado AL / Continental Express
2,Trans Continental Air Transport
18,Trans Continental and Western Air
2,Trans Guyana Airways
1,Trans International Airlines
1,Trans Isle Air
1,Trans Luxury Airlines
4,Trans Mediterranean Airways
1,Trans National Airlines
2,Trans Service Airlift
17,Trans World Airlines
1,Trans World Airlines / Castleton Inc.
1,Trans World Airlines / Eastern Air Lines
2,Trans World Airlines / Private
2,Transafrik
1,Transafrik - United Nations Charter
1,Transair
3,Transair Georgia Airlines
1,Transamazonica
3,Transamerica Airlines
1,Transamerican Air Transport
1,Transamerican Airlines
2,Transasia Airways
1,Transaven
1,Transaviaexport Airlines
3,Transbrasil
1,Trans-Canada Air Lines
1,Transcontinental
1,Transfair
1,Trans-Luxury Airlines
1,Transmandu
1,Transmeridian Air Cargo
1,Transniugini Airways
5,Transocean Air Lines
1,Transoriente Colombia
1,Transpolar
1,Transport Aerien Intercontinentaux (France)
1,Transport Arien Transregional
1,Transport Comp. Algerienne de T.A.
1,Transporte Aereo Federal
1,Transported Areos Profesionales - TAPSA
1,Transportes Aereos del Caribe
1,Transportes Aereos Don Carlos - Charter
1,Transportes Aereos Mexicanos
1,Transportes Aereos Nacionales
1,Transportes Aereos Orientales
1,Transportes Aereos Pegaso
1,Transportes Aereos Peruanas
1,Transportes Areos Nacionales
1,Transportes Aéreos de Timor
1,Transportes Aéreos Itenez
2,Transportes Aéreos Mexicanos
1,Transportes Aéreos Salvador
1,Transportno Aviatsionno Bulgaro-Soviet Obshchestvo
1,Transports Aériens de la Guinee-Bissau
1,Transporturile Aeriene Romane (TAROM)
1,Transporturile Aeriene Romano-Sovietice
1,Transworld Safaris
1,Travel Air Flug
1,TriCoastal Air
3,Trigana Air Service
1,Trillium Air
1,TropiAir - Air Taxi
1,Tropical Airways
1,TsAGI
1,Tulakes Aviaiton - Air Taxi
1,Tuninter
1,Tura Air Enterprise
1,Turkish Airlines
14,Turkish Airlines (THY)
1,Two Taxi Aero
1,Tyee Airlines - Air Taxi
1,Tyumen Aviatrans
1,U. S. Air Force
1,U.S. Government (leased)
1,U.S. Overseas Airways
1,Uganda Airlines
1,Ukraine Aviation Transport Company
1,Ukrainian Cargo Airlines - Congolese Army Charter
1,Ukranian-Mediterranean Airlines
1,Ukvozduchput
1,Uni Air
3,Union Aeromaritime de Transport
2,Union Airways
1,Union Aéromaritime de Transport
3,Union des Transportes Aeriens
1,Union des Transports Aeriens de Guinee
1,Union Flights
4,Union of Burma Airways
44,United Air Lines
1,United Air Lines / Military - U.S. Air Force
2,United Air Lines / Trans World Airlines
1,United Air Services
2,United Airways
1,United Airways of New Zealand
10,United Arab Airlines
1,United Express
1,United Express / Private
1,United Nations - UTair Charter
1,United Nations Mission
1,United Nations Organization
2,Universal Airlines
1,Universal Airways
2,Universal Jet Aviation
1,University of Michigan Health System
1,Uralex
1,Urcupina
1,Uruguayan Air Force - TAMU
36,US Aerial Mail Service
1,US Air Express/Air Midwest
1,US Airlines
1,US Airways
1,US Airways Express
1,USA Jet Airlines
4,USAir
1,USAir / Skywest Airlilnes
1,UTAir Airlines
1,Utility Helocopter - Air Taxi
1,Uzbek Civil Aviation Administration
2,Uzbekistan Airways
1,Uzu Air
1,Valley Air Service
1,Valley Air Service - Air Taxi
2,ValuJet
2,Vanair
16,Varig
8,Varney Air Lines
1,Varney Airlines
18,VASP
1,VASP / Private
2,Vayudoot
1,Vehu Akat
1,Venezolana
1,Venezolana Internacional de Aviacion
1,Venezuelian Government
1,Vercoa Air Service - Air Taxi
1,Viacao Aerea Gaucha S.A.
1,VIARCO
1,Viaçao Cometa
1,Vickers
1,Victoria Airlines
2,Vieques Air Link
2,Vietnam Airlines
1,Viking Air Service - Air Taxi
1,Viking Air Transport
1,Viking Airways - Air Taxi
1,Village Airways
1,Village Aviation - Air Taxi
1,Vincent Aviation
1,Virgin Islands Airways
1,Vladivostokavia
1,Vnokovo Airlines
1,Vnukovo Airlines
1,Volare Aviation Enterprise
1,Volga Air
1,Volga-Avia Express
1,Volga-Dnepr Airlines
1,Vologodskiye Airlines
1,Vostok Aviakompania
2,VOTEC
1,VOTEC / VOTEC
2,VoteTaxi Aéreo
1,Walker - Watts Aviation - Air Taxi
1,Warsaw Aviation - Taxi
1,Wasa Wings
1,Wasaya Airways
1,Wayumi Air Taxi
1,Weasua Airtransport
1,Webber Air - Air Taxi
1,Webber Airlines -Air Taxi
1,Webstas Aviation Services Inc.
1,Wedell-Williams Air Service Corporation
1,Wehite Cap Aviation
1,Wein Alaska Airlines Inc.
1,Wenela Air Services
1,West African Airways
1,West Air
1,West Australian Airways
1,West Aviation
2,West Caribbean Airways
1,West Coast Air
3,West Coast Airlines
1,Westair Transport
3,Western Air Express
9,Western Airlines
2,Western Canada Airways
1,Western Helicopter
1,Western Straits Air
1,Westwing
1,Wheeler Airlines
1,Whyalla Airlines
1,Wicks Flying Service - Air Taxi
4,Wideroe's Flyveselksap
1,Wien Air Alaska
1,Wien Alaska Airlines
2,Wien Consolidated Airlines
3,Wiggins Airways
1,Wigmo
1,Willow Air Service - Air Taxi
1,Wilson Airways
1,Wimbi Dira Airways
1,Win Win Aviation
1,Winchester Air
1,Winged Cargo Inc.
1,Wings West Airlines / Private
1,Winship Air
1,Winship Air Service
1,Winship Air Service - Air Taxi
3,World Airways
1,Wrangell Air Service
1,Wright Air Service - Air Taxi
2,Wuhan Airlines
1,Wyman Pilot Service - Air Taxi
1,Wyoming Air Service
1,XL Airways leased from Air New Zealand
1,Yacimientos Petroliferos Fiscales
2,Yakutavia
1,Yates Aviation
2,Yemen Airlines
3,Yeti Airlines
1,YPF
1,YPFB Transportes Aereos
1,Yug Avia
2,Yute Air Alaska - Air Taxi
1,Zakavia
1,Zanex
4,Zantop Air Transport
1,Zantop Airways
1,Zantop International Airlines
1,Zen Nippon